name,score
Max Scherzer,0.9999961853027344
Corey Kluber,0.9486827850341797
Blake Snell,0.6428472995758057
Trevor Bauer,0.6240379810333252
Gerrit Cole,0.16253460943698883
Patrick Corbin,0.1369522511959076
Jacob deGrom,0.09447211772203445
Chris Sale,0.08355417847633362
Walker Buehler,0.059811390936374664
Aaron Nola,0.046979229897260666
