n_layers,layers,rmse
0,16,0.047205491453530424
0,64,0.049056223192870986
2,16,0.04935305370286666
1,64,0.05124400099338482
2,64,0.055775415181852625
1,16,0.058114670327483575
1,256,0.07780079324796509
2,256,0.07780079324796509
0,256,0.0778007933411696
